custom_xmltv_id,uhf_pk,category,name,target_xmltv_id,target_name,target_country,target_guide_sites,target_in_current_epg,source_epg_channel_id,logo_url
uhf:1794,1794,Canada,"CBC (CBAT) Fredericton, NB HD",CA:CBATDT.ca,CBAT-DT,CA,ontvtonight.com;tvpassport.com,yes,CA:CBATDT.ca,https://i.imgur.com/xflShTG.png
uhf:1886,1886,Canada,Canada- ADDIK TV QC,CA:addikTV.ca,addikTV,CA,ontvtonight.com;tvhebdo.com;tvpassport.com,yes,,https://cms123456.com/assets/uploads/files/007bf-thumbnail_canada.jpg
uhf:1884,1884,Canada,Canada- ARTV QC,CA:IciARTV.ca,Ici ARTV,CA,tvhebdo.com;tvpassport.com,yes,,https://cms123456.com/assets/uploads/files/007bf-thumbnail_canada.jpg
uhf:1893,1893,Canada,Canada- Animal Planet,CA:AnimalPlanet.ca,Animal Planet,CA,tvhebdo.com;tvpassport.com,yes,,https://cms123456.com/assets/uploads/files/007bf-thumbnail_canada.jpg
uhf:1882,1882,Canada,Canada- CANAL D QC,CA:CanalD.ca,Canal D,CA,tvhebdo.com;tvpassport.com,yes,,https://cms123456.com/assets/uploads/files/007bf-thumbnail_canada.jpg
uhf:1881,1881,Canada,Canada- CANAL VIE QC,CA:CanalVie.ca,Canal Vie,CA,tvhebdo.com;tvpassport.com,yes,,https://cms123456.com/assets/uploads/files/007bf-thumbnail_canada.jpg
uhf:1880,1880,Canada,Canada- CASA QC,CA:Casa.ca,Casa,CA,ontvtonight.com;tvhebdo.com;tvpassport.com,yes,,https://cms123456.com/assets/uploads/files/007bf-thumbnail_canada.jpg
uhf:1911,1911,Canada,Canada- CBC News Network,CA:CBCNewsNetwork.ca,CBC News Network,CA,i.mjh.nz;ontvtonight.com;plex.tv;tvhebdo.com;tvpassport.com;tvtv.us;xumo.tv,no,,https://cms123456.com/assets/uploads/files/007bf-thumbnail_canada.jpg
uhf:1878,1878,Canada,Canada- CHCH Ca,CA:CHCHDT.ca,CHCH-DT,CA,ontvtonight.com;tvpassport.com,no,,https://cms123456.com/assets/uploads/files/007bf-thumbnail_canada.jpg
uhf:1826,1826,Canada,Canada- CHCH HD CA,CA:CHCHDT.ca,CHCH-DT,CA,ontvtonight.com;tvpassport.com,no,,https://cms123456.com/assets/uploads/files/007bf-thumbnail_canada.jpg
uhf:1900,1900,Canada,Canada- COTTAGE LIFE,CA:CottageLife.ca,Cottage Life,CA,tvhebdo.com;tvpassport.com,no,,https://cms123456.com/assets/uploads/files/007bf-thumbnail_canada.jpg
uhf:1877,1877,Canada,Canada- CP24 Ca,CA:CP24.ca,CP24,CA,tvpassport.com,no,,https://cms123456.com/assets/uploads/files/007bf-thumbnail_canada.jpg
uhf:1823,1823,Canada,Canada- CP24 HD CA,CA:CP24.ca,CP24,CA,tvpassport.com,no,,https://cms123456.com/assets/uploads/files/007bf-thumbnail_canada.jpg
uhf:1822,1822,Canada,Canada- CPAC HD CA,CA:CPACEnglish.ca,CPAC English,CA,tvhebdo.com;tvpassport.com;tvtv.us,no,,https://cms123456.com/assets/uploads/files/007bf-thumbnail_canada.jpg
uhf:1876,1876,Canada,Canada- CPAC QC,CA:CPACEnglish.ca,CPAC English,CA,tvhebdo.com;tvpassport.com;tvtv.us,no,,https://cms123456.com/assets/uploads/files/007bf-thumbnail_canada.jpg
uhf:1824,1824,Canada,Canada- CTV Comedy HD  ca,CA:CTVComedyChannel.ca,CTV Comedy Channel,CA,tvhebdo.com,no,,https://cms123456.com/assets/uploads/files/007bf-thumbnail_canada.jpg
uhf:1918,1918,Canada,Canada- CTV Drama,CA:CTVDramaChannel.ca,CTV Drama Channel,CA,ontvtonight.com;tvhebdo.com,no,,https://cms123456.com/assets/uploads/files/007bf-thumbnail_canada.jpg
uhf:1795,1795,Canada,Canada- CTV News HD,CA:CTVNewsChannel.ca,CTV News Channel,CA,i.mjh.nz;tvhebdo.com;tvpassport.com,no,,https://cms123456.com/assets/uploads/files/007bf-thumbnail_canada.jpg
uhf:1821,1821,Canada,Canada- CTV News Live Events 3 HD CA,CA:CTVNewsChannel.ca,CTV News Channel,CA,i.mjh.nz;tvhebdo.com;tvpassport.com,no,,https://cms123456.com/assets/uploads/files/007bf-thumbnail_canada.jpg
uhf:1896,1896,Canada,Canada- DEJAVIEW,CA:DejaView.ca,DejaView,CA,ontvtonight.com;tvhebdo.com;tvpassport.com;tvtv.us,no,,https://cms123456.com/assets/uploads/files/007bf-thumbnail_canada.jpg
uhf:1874,1874,Canada,Canada- DISNEY Ca,CA:DisneyChannel.ca,Disney Channel,CA,tvhebdo.com;tvpassport.com;tvtv.us,no,,https://cms123456.com/assets/uploads/files/007bf-thumbnail_canada.jpg
uhf:1873,1873,Canada,Canada- DISNEY JR Ca,CA:DisneyChannel.ca,Disney Channel,CA,tvhebdo.com;tvpassport.com;tvtv.us,no,,https://cms123456.com/assets/uploads/files/007bf-thumbnail_canada.jpg
uhf:1820,1820,Canada,Canada- Discovery Science CA,CA:DiscoveryScience.ca,Discovery Science,CA,tvhebdo.com;tvpassport.com,no,,https://cms123456.com/assets/uploads/files/007bf-thumbnail_canada.jpg
uhf:1819,1819,Canada,Canada- Disney HD,CA:DisneyChannel.ca,Disney Channel,CA,tvhebdo.com;tvpassport.com;tvtv.us,no,,https://cms123456.com/assets/uploads/files/007bf-thumbnail_canada.jpg
uhf:1818,1818,Canada,Canada- Disney JR HD CA,CA:DisneyChannel.ca,Disney Channel,CA,tvhebdo.com;tvpassport.com;tvtv.us,no,,https://cms123456.com/assets/uploads/files/007bf-thumbnail_canada.jpg
uhf:1815,1815,Canada,Canada- FX FHD CA,CA:FX.ca,FX,CA,tvhebdo.com;tvpassport.com,no,,https://cms123456.com/assets/uploads/files/007bf-thumbnail_canada.jpg
uhf:1872,1872,Canada,Canada- FX HD Ca,CA:FX.ca,FX,CA,tvhebdo.com;tvpassport.com,no,,https://cms123456.com/assets/uploads/files/007bf-thumbnail_canada.jpg
uhf:1814,1814,Canada,Canada- FXX CA,CA:FXX.ca,FXX,CA,tvhebdo.com;tvpassport.com,no,,https://cms123456.com/assets/uploads/files/007bf-thumbnail_canada.jpg
uhf:1816,1816,Canada,Canada- Fight Network HD CA,CA:FightNetwork.ca,Fight Network,CA,distro.tv;i.mjh.nz;nostv.pt;plex.tv;tvhebdo.com;tvpassport.com;tvprofil.com;tvtv.us;vodafone.pt,no,,https://cms123456.com/assets/uploads/files/007bf-thumbnail_canada.jpg
uhf:1898,1898,Canada,Canada- Food Network,CA:FoodNetwork.ca,Food Network,CA,tvhebdo.com;tvpassport.com,no,,https://cms123456.com/assets/uploads/files/007bf-thumbnail_canada.jpg
uhf:1894,1894,Canada,Canada- Game TV,CA:GameTV.ca,Game TV,CA,ontvtonight.com;tvhebdo.com,yes,,https://cms123456.com/assets/uploads/files/007bf-thumbnail_canada.jpg
uhf:1798,1798,Canada,Canada- Global,CA:GlobalNewsBC1.ca,Global News: BC1,CA,tvpassport.com,no,,https://cms123456.com/assets/uploads/files/007bf-thumbnail_canada.jpg
uhf:1871,1871,Canada,Canada- HBO 1 Ca,CA:HBO1.ca,HBO 1,CA,tvhebdo.com,no,,https://cms123456.com/assets/uploads/files/007bf-thumbnail_canada.jpg
uhf:1906,1906,Canada,Canada- HGTV,CA:HGTV.ca,HGTV,CA,tvhebdo.com;tvpassport.com,no,,https://cms123456.com/assets/uploads/files/007bf-thumbnail_canada.jpg
uhf:1869,1869,Canada,Canada- HISTORIA QC,CA:Historia.ca,Historia,CA,tvhebdo.com;tvpassport.com,no,,https://cms123456.com/assets/uploads/files/007bf-thumbnail_canada.jpg
uhf:1902,1902,Canada,Canada- History Channel,CA:History.ca,History,CA,tvhebdo.com;tvpassport.com,no,,https://cms123456.com/assets/uploads/files/007bf-thumbnail_canada.jpg
uhf:1866,1866,Canada,Canada- LCN QC,CA:LCN.ca,LCN,CA,tvhebdo.com;tvpassport.com;tvtv.us,no,,https://cms123456.com/assets/uploads/files/007bf-thumbnail_canada.jpg
uhf:1865,1865,Canada,Canada- LIFETIME Ca,CA:Lifetime.ca,Lifetime,CA,tvhebdo.com;tvpassport.com,no,,https://cms123456.com/assets/uploads/files/007bf-thumbnail_canada.jpg
uhf:1813,1813,Canada,Canada- Lifetime FHD CA,CA:Lifetime.ca,Lifetime,CA,tvhebdo.com;tvpassport.com,no,,https://cms123456.com/assets/uploads/files/007bf-thumbnail_canada.jpg
uhf:1901,1901,Canada,Canada- Love Nature,CA:LoveNature.ca,Love Nature,CA,dsmart.com.tr;i.mjh.nz;m.tv.sms.cz;mncvision.id;mujtvprogram.cz;musor.tv;mysky.com.ph;mytvsuper.com;nowplayer.now.com;ontvtonight.com;playtv.unifi.com.my;plex.tv;pluto.tv;programetv.ro;singtel.com;turksatkablo.com.tr;tv.blue.ch;tv.dir.bg;tv.mail.ru;tv.movistar.com.pe;tv.nu;tvgids.nl;tvhebdo.com;tvpassport.com;tvplus.com.tr;tvtv.us;visionplus.id;xumo.tv;ziggogo.tv,no,,https://cms123456.com/assets/uploads/files/007bf-thumbnail_canada.jpg
uhf:1864,1864,Canada,Canada- METEO QC,CA:MeteoMedia.ca,MeteoMedia,CA,tvhebdo.com,no,,https://cms123456.com/assets/uploads/files/007bf-thumbnail_canada.jpg
uhf:1862,1862,Canada,Canada- MOVIE TIME 1 Ca,CA:MovieTime.ca,MovieTime,CA,ontvtonight.com;tvhebdo.com;tvpassport.com,no,,https://cms123456.com/assets/uploads/files/007bf-thumbnail_canada.jpg
uhf:1919,1919,Canada,Canada- Makeful,CA:Makeful.ca,Makeful,CA,ontvtonight.com;tvpassport.com;tvtv.us,no,,https://cms123456.com/assets/uploads/files/007bf-thumbnail_canada.jpg
uhf:1861,1861,Canada,Canada- NAT GEO WILD Ca,CA:WildTV.ca,Wild TV,CA,distro.tv;m.tv.sms.cz;tv.nu;tvhebdo.com;tvpassport.com,no,,https://cms123456.com/assets/uploads/files/007bf-thumbnail_canada.jpg
uhf:1860,1860,Canada,Canada- NATIONAL GEOGRAPHIC Ca,CA:NationalGeographic.ca,National Geographic,CA,tvhebdo.com;tvpassport.com,no,,https://cms123456.com/assets/uploads/files/007bf-thumbnail_canada.jpg
uhf:1855,1855,Canada,Canada- PRISE 2 QC,CA:Prise2.ca,Prise 2,CA,ontvtonight.com;tvhebdo.com;tvpassport.com,no,,https://cms123456.com/assets/uploads/files/007bf-thumbnail_canada.jpg
uhf:1853,1853,Canada,Canada- RDS 2 QC,CA:RDS2.ca,RDS 2,CA,tvhebdo.com;tvpassport.com,yes,,https://cms123456.com/assets/uploads/files/007bf-thumbnail_canada.jpg
uhf:1852,1852,Canada,Canada- RDS INFO QC,CA:RDSInfo.ca,RDS Info,CA,ontvtonight.com;tvhebdo.com;tvpassport.com,yes,,https://cms123456.com/assets/uploads/files/007bf-thumbnail_canada.jpg
uhf:1810,1810,Canada,Canada- RDS Info CA-FR,CA:RDSInfo.ca,RDS Info,CA,ontvtonight.com;tvhebdo.com;tvpassport.com,yes,,https://cms123456.com/assets/uploads/files/007bf-thumbnail_canada.jpg
uhf:1851,1851,Canada,Canada- RDS QC,CA:RDS.ca,RDS,CA,tvhebdo.com;tvpassport.com,yes,,https://cms123456.com/assets/uploads/files/007bf-thumbnail_canada.jpg
uhf:1850,1850,Canada,Canada- SERIES  QC,CA:SeriesPlus.ca,Series Plus,CA,ontvtonight.com;tvhebdo.com,no,,https://cms123456.com/assets/uploads/files/007bf-thumbnail_canada.jpg
uhf:1849,1849,Canada,Canada- SLICE Ca,CA:Slice.ca,Slice,CA,ontvtonight.com;tvhebdo.com;tvpassport.com,no,,https://cms123456.com/assets/uploads/files/007bf-thumbnail_canada.jpg
uhf:1809,1809,Canada,Canada- Slice HD CA,CA:Slice.ca,Slice,CA,ontvtonight.com;tvhebdo.com;tvpassport.com,no,,https://cms123456.com/assets/uploads/files/007bf-thumbnail_canada.jpg
uhf:1932,1932,Canada,Canada- Sports Net 360 FHD,CA:Sportsnet360.ca,Sportsnet 360,CA,tvhebdo.com;tvpassport.com;watch.sportsnet.ca,yes,,https://cms123456.com/assets/uploads/files/007bf-thumbnail_canada.jpg
uhf:1936,1936,Canada,Canada- Sports Net East HD,CA:Sportsnet.ca,Sportsnet,CA,ontvtonight.com;tvhebdo.com;tvpassport.com;tvtv.us;watch.sportsnet.ca,yes,,https://cms123456.com/assets/uploads/files/007bf-thumbnail_canada.jpg
uhf:1933,1933,Canada,Canada- Sports Net One HD,CA:SportsnetOne.ca,Sportsnet One,CA,ontvtonight.com;tvhebdo.com;tvpassport.com;tvtv.us;watch.sportsnet.ca,yes,,https://cms123456.com/assets/uploads/files/007bf-thumbnail_canada.jpg
uhf:1935,1935,Canada,Canada- Sports Net Ontario HD,CA:Sportsnet.ca,Sportsnet,CA,ontvtonight.com;tvhebdo.com;tvpassport.com;tvtv.us;watch.sportsnet.ca,yes,,https://cms123456.com/assets/uploads/files/007bf-thumbnail_canada.jpg
uhf:1808,1808,Canada,Canada- Sports Net Pacific HD CA,CA:Sportsnet.ca,Sportsnet,CA,ontvtonight.com;tvhebdo.com;tvpassport.com;tvtv.us;watch.sportsnet.ca,yes,,https://cms123456.com/assets/uploads/files/007bf-thumbnail_canada.jpg
uhf:1934,1934,Canada,Canada- Sports Net World HD,CA:SportsnetWorld.ca,Sportsnet World,CA,tvhebdo.com;tvpassport.com;tvtv.us;watch.sportsnet.ca,yes,,https://cms123456.com/assets/uploads/files/007bf-thumbnail_canada.jpg
uhf:1793,1793,Canada,Canada- Super Ecran 1 (FR),CA:SuperEcran1.ca,Super Ecran 1,CA,tvhebdo.com;tvpassport.com,no,,https://cms123456.com/assets/uploads/files/007bf-thumbnail_canada.jpg
uhf:1922,1922,Canada,Canada- Super Ecran 2 (FR),CA:SuperEcran2.ca,Super Ecran 2,CA,ontvtonight.com;tvhebdo.com;tvpassport.com,no,,https://cms123456.com/assets/uploads/files/007bf-thumbnail_canada.jpg
uhf:1923,1923,Canada,Canada- Super Ecran 3 (FR),CA:SuperEcran3.ca,Super Ecran 3,CA,tvhebdo.com;tvpassport.com,no,,https://cms123456.com/assets/uploads/files/007bf-thumbnail_canada.jpg
uhf:1924,1924,Canada,Canada- Super Ecran 4 (FR),CA:SuperEcran4.ca,Super Ecran 4,CA,tvhebdo.com;tvpassport.com,no,,https://cms123456.com/assets/uploads/files/007bf-thumbnail_canada.jpg
uhf:1842,1842,Canada,Canada- TREEHOUSE Ca,CA:TreehouseTV.ca,Treehouse TV,CA,ontvtonight.com;tvhebdo.com;tvpassport.com,no,,https://cms123456.com/assets/uploads/files/007bf-thumbnail_canada.jpg
uhf:1805,1805,Canada,Canada- TSN 1 HD CA,CA:TSN1.ca,TSN1,CA,epg.iptvx.one;tvhebdo.com;tvpassport.com;tvtv.us,yes,,https://cms123456.com/assets/uploads/files/007bf-thumbnail_canada.jpg
uhf:1804,1804,Canada,Canada- TSN 2 HD CA,CA:TSN2.ca,TSN2,CA,epg.iptvx.one;tvhebdo.com;tvpassport.com;tvtv.us,yes,,https://cms123456.com/assets/uploads/files/007bf-thumbnail_canada.jpg
uhf:1803,1803,Canada,Canada- TSN 3 HD CA,CA:TSN3.ca,TSN3,CA,epg.iptvx.one;tvhebdo.com;tvpassport.com;tvtv.us,yes,,https://cms123456.com/assets/uploads/files/007bf-thumbnail_canada.jpg
uhf:1802,1802,Canada,Canada- TSN 4 HD CA,CA:TSN4.ca,TSN4,CA,epg.iptvx.one;tvhebdo.com;tvpassport.com;tvtv.us,yes,,https://cms123456.com/assets/uploads/files/007bf-thumbnail_canada.jpg
uhf:1801,1801,Canada,Canada- TSN 5 HD CA,CA:TSN5.ca,TSN5,CA,epg.iptvx.one;tvhebdo.com;tvpassport.com;tvtv.us,yes,,https://cms123456.com/assets/uploads/files/007bf-thumbnail_canada.jpg
uhf:1840,1840,Canada,Canada- TV5 QUEBEC QC,CA:TV5QuebecCanada.ca,TV5 Quebec Canada,CA,ontvtonight.com;tvhebdo.com,no,,https://cms123456.com/assets/uploads/files/007bf-thumbnail_canada.jpg
uhf:1839,1839,Canada,Canada- TVA SPORTS QC,CA:TVASports.ca,TVA Sports,CA,tvhebdo.com;tvpassport.com,yes,,https://cms123456.com/assets/uploads/files/007bf-thumbnail_canada.jpg
uhf:1925,1925,Canada,Canada- Teletoon (FR),CA:TeletoonFrench.ca,Teletoon French,CA,tvhebdo.com,no,,https://cms123456.com/assets/uploads/files/007bf-thumbnail_canada.jpg
uhf:1931,1931,Canada,Canada- Unis_TV_(FR),CA:Unis.ca,Unis,CA,tvhebdo.com,no,,https://cms123456.com/assets/uploads/files/007bf-thumbnail_canada.jpg
uhf:1838,1838,Canada,Canada- VISION TV Ca,CA:SaltPlusLightTelevision.ca,Salt + Light Television,CA,ontvtonight.com;tvhebdo.com,no,,https://cms123456.com/assets/uploads/files/007bf-thumbnail_canada.jpg
uhf:1897,1897,Canada,Canada- W_NETWORK,CA:WNetwork.ca,W Network,CA,ontvtonight.com;tvhebdo.com,no,,https://cms123456.com/assets/uploads/files/007bf-thumbnail_canada.jpg
uhf:1895,1895,Canada,Canada- Wild TV,CA:WildTV.ca,Wild TV,CA,distro.tv;m.tv.sms.cz;tv.nu;tvhebdo.com;tvpassport.com,no,,https://cms123456.com/assets/uploads/files/007bf-thumbnail_canada.jpg
uhf:1888,1888,Canada,Canada- YTV,CA:YTV.ca,YTV,CA,ontvtonight.com;tvhebdo.com,no,,https://cms123456.com/assets/uploads/files/007bf-thumbnail_canada.jpg
uhf:1834,1834,Canada,Canada- ZESTE QC,CA:Zeste.ca,Zeste,CA,ontvtonight.com;tvhebdo.com,no,,https://cms123456.com/assets/uploads/files/007bf-thumbnail_canada.jpg
uhf:1848,1848,Canada,Canada- crave1,CA:Crave1.ca,Crave 1,CA,tvhebdo.com,no,,https://cms123456.com/assets/uploads/files/007bf-thumbnail_canada.jpg
uhf:1939,1939,Canada,Canada-Family jr,CA:FamilyJr.ca,Family Jr,CA,tvhebdo.com;tvpassport.com,no,,https://cms123456.com/assets/uploads/files/007bf-thumbnail_canada.jpg
uhf:1807,1807,Canada,Sportsnet (Ontario),CA:Sportsnet.ca,Sportsnet,CA,ontvtonight.com;tvhebdo.com;tvpassport.com;tvtv.us;watch.sportsnet.ca,yes,CA:Sportsnet.ca,https://upload.wikimedia.org/wikipedia/commons/thumb/7/7f/Logo_Sportsnet_2011.svg/960px-Logo_Sportsnet_2011.svg.png
uhf:2145,2145,Spain,ESP-24HORAS,ES:24Horas.es,24 Horas,ES,chaines-tv.orange.fr;gatotv.com;m.tv.sms.cz;meo.pt;mi.tv;mujtvprogram.cz;nostv.pt;orangetv.orange.es;programacion-tv.elpais.com;tv.blue.ch;tv.sfr.fr;tv24.se;vodafone.pt,yes,,https://cms123456.com/assets/uploads/files/48bd2-telechargement-2-.jpg
uhf:2154,2154,Spain,ESP-ARAGON TV,ES:AragonTV.es,Aragon TV,ES,programacion-tv.elpais.com,no,,https://cms123456.com/assets/uploads/files/a5354-telechargement-16-.png
uhf:2167,2167,Spain,ESP-Atreseries,ES:Atreseries.es,Atreseries,ES,chaines-tv.orange.fr;gatotv.com;mi.tv;orangetv.orange.es;programacion-tv.elpais.com;tv.blue.ch;tv.sfr.fr,yes,,https://cms123456.com/assets/uploads/files/1514c-telechargement.jpg
uhf:2128,2128,Spain,ESP-BE.MAD,ES:BeMad.es,Be Mad,ES,gatotv.com;orangetv.orange.es;programacion-tv.elpais.com,yes,,https://cms123456.com/assets/uploads/files/37d19-telechargement-9-.png
uhf:2143,2143,Spain,ESP-BOING,ES:Boing.es,Boing,ES,orangetv.orange.es;programacion-tv.elpais.com,yes,,https://cms123456.com/assets/uploads/files/58c86-boing_2020.svg.png
uhf:2093,2093,Spain,ESP-CAZA_Y_PESCA,ES:CazayPesca.es,Caza y Pesca,ES,programacion-tv.elpais.com,no,,https://cms123456.com/assets/uploads/files/c27cb-caza-pesca_m-.png
uhf:2149,2149,Spain,ESP-ETB 1,ES:ETB1.es,ETB 1,ES,gatotv.com;orangetv.orange.es;programacion-tv.elpais.com;tv.sfr.fr,yes,,https://cms123456.com/assets/uploads/files/857d4-telechargement-16-.png
uhf:2171,2171,Spain,ESP-Movistar LaLiga 1,ES:LaLigaTV.es,LaLiga TV,ES,orangetv.orange.es,yes,,https://cms123456.com/assets/uploads/files/c3282-movistar_laliga_1.png
uhf:2172,2172,Spain,ESP-Movistar LaLiga 2,ES:LaLigaTV.es,LaLiga TV,ES,orangetv.orange.es,yes,,https://cms123456.com/assets/uploads/files/8f0bb-tv-station-movistar-laliga-2-1836.png
uhf:2173,2173,Spain,ESP-Movistar LaLiga 3,ES:LaLigaTV.es,LaLiga TV,ES,orangetv.orange.es,yes,,https://cms123456.com/assets/uploads/files/422fc-movistar_laliga_3.png
uhf:2092,2092,Spain,ESP-TELECINCOHD,ES:Telecinco.es,Telecinco,ES,gatotv.com;orangetv.orange.es;programacion-tv.elpais.com,yes,,https://cms123456.com/assets/uploads/files/b59bb-telecinco.svg.png
uhf:2135,2135,Spain,ESP-Teledeporte,ES:Teledeporte.es,Teledeporte,ES,gatotv.com;orangetv.orange.es;programacion-tv.elpais.com,yes,,https://cms123456.com/assets/uploads/files/aa652-150px-teledeporte.svg.png
uhf:2088,2088,Spain,La 1,ES:La1.es,La 1,ES,gatotv.com;orangetv.orange.es;programacion-tv.elpais.com;tv-programme.telecablesat.fr,yes,ES:La1.es,https://i.ibb.co/MxJNPHsn/La-1.png
uhf:2089,2089,Spain,La 2,ES:La2.es,La 2,ES,gatotv.com;orangetv.orange.es;programacion-tv.elpais.com;tv-programme.telecablesat.fr,yes,ES:La2.es,https://i.ibb.co/rfsr9PSh/La-2.png
uhf:2117,2117,Spain,Movistar LaLiga,ES:LaLigaTV.es,LaLiga TV,ES,orangetv.orange.es,yes,,https://cms123456.com/assets/uploads/files/1828f-800px-movistar_laliga.svg.png
uhf:1220,1220,French Sports,CANAL+FOOT,FR:CanalPlusFoot.fr,Canal+ Foot,FR,canalplus.com;chaines-tv.orange.fr;guidetnt.com;tv.blue.ch;tv.sfr.fr;tvcesoir.fr,yes,FR:CanalPlusFoot.fr,https://upload.wikimedia.org/wikipedia/commons/e/eb/Canal%2BFoot.png
uhf:1312,1312,French Sports,FR-SP:AutoMoto,FR:Automotolachaine.fr,Automoto la chaine,FR,canalplus.com;chaines-tv.orange.fr;guidetnt.com;mon-programme-tv.be;pickx.be;programme-tv.net;tv-programme.telecablesat.fr;tv.blue.ch;tv.post.lu;tv.sfr.fr;tvcesoir.fr,yes,Automoto.fr,https://cms123456.com/assets/uploads/files/46fce-logo_automoto_2018.jpg
uhf:1234,1234,French Sports,FR-SP:CANAL+ premier league,FR:CanalPlusPremierLeague.fr,Canal+ Premier League,FR,canalplus.com;programme-tv.net;tv.blue.ch,no,,https://cms123456.com/assets/uploads/files/2a127-canal-plus-logo-vignette.jpg
uhf:1219,1219,French Sports,FR-SP:Canal+ Foot,FR:CanalPlusFoot.fr,Canal+ Foot,FR,canalplus.com;chaines-tv.orange.fr;guidetnt.com;tv.blue.ch;tv.sfr.fr;tvcesoir.fr,yes,,https://cms123456.com/assets/uploads/files/8d939-telechargement.png
uhf:1221,1221,French Sports,FR-SP:Canal+ Sport 360,FR:CanalPlusSport360.fr,Canal+ Sport 360,FR,canalplus.com;chaines-tv.orange.fr;guidetnt.com;tv.blue.ch;tv.sfr.fr;tvcesoir.fr,yes,,https://cms123456.com/assets/uploads/files/a391b-canal-sport_360.png
uhf:1223,1223,French Sports,FR-SP:Canal+Sport,FR:CanalPlusSport360.fr,Canal+ Sport 360,FR,canalplus.com;chaines-tv.orange.fr;guidetnt.com;tv.blue.ch;tv.sfr.fr;tvcesoir.fr,yes,CANALplusSPORT.fr,https://cms123456.com/assets/uploads/files/2a127-canal-plus-logo-vignette.jpg
uhf:1332,1332,French Sports,FR-SP:EQUIDIA,FR:Equidia.fr,Equidia,FR,canalplus.com;chaines-tv.orange.fr;mon-programme-tv.be;programme-tv.net;tv-programme.telecablesat.fr;tv.blue.ch;tv.sfr.fr;tvcesoir.fr,no,EquidiaLive.fr,https://cms123456.com/assets/uploads/files/1a339-equidia.png
uhf:1318,1318,French Sports,FR-SP:EUROSPORT 1,FR:Eurosport1.fr,Eurosport 1,FR,canalplus.com;epg.iptvx.one;gatotv.com;guida.tv;guidetnt.com;horizon.tv;m.tv.sms.cz;melita.com;meo.pt;mon-programme-tv.be;mujtvprogram.cz;musor.tv;mytelly.co.uk;nostv.pt;novasports.gr;orangetv.orange.es;pickx.be;programacion-tv.elpais.com;programetv.ro;programme-tv.net;programtv.onet.pl;superguidatv.it;teliatv.ee;turksatkablo.com.tr;tv-programme.telecablesat.fr;tv.blue.ch;tv.dir.bg;tv.lv;tv.magenta.at;tv.mail.ru;tv.nu;tv.post.lu;tv.sfr.fr;tv24.se;tv2go.t-2.net;tvcesoir.fr;tvgids.nl;tvheute.at;tvireland.ie;tvmusor.hu;tvplus.com.tr;tvprofil.com;virgintvgo.virginmedia.com;vodafone.pt;web.magentatv.de;webtv.delta.nl;ziggogo.tv,no,Eurosport1.fr,https://cms123456.com/assets/uploads/files/37b5f-236176-24642541-2560-1440.jpg
uhf:1319,1319,French Sports,FR-SP:EUROSPORT 2,FR:Eurosport2.fr,Eurosport 2,FR,canalplus.com;epg.iptvx.one;gatotv.com;guida.tv;guidetnt.com;horizon.tv;m.tv.sms.cz;melita.com;meo.pt;mon-programme-tv.be;mujtvprogram.cz;musor.tv;mytelly.co.uk;nostv.pt;novasports.gr;orangetv.orange.es;pickx.be;programacion-tv.elpais.com;programetv.ro;programme-tv.net;programtv.onet.pl;superguidatv.it;teliatv.ee;turksatkablo.com.tr;tv-programme.telecablesat.fr;tv.blue.ch;tv.dir.bg;tv.lv;tv.mail.ru;tv.nu;tv.post.lu;tv.sfr.fr;tv24.se;tv2go.t-2.net;tvcesoir.fr;tvgids.nl;tvireland.ie;tvmusor.hu;tvplus.com.tr;tvprofil.com;virgintvgo.virginmedia.com;vodafone.pt;web.magentatv.de;webtv.delta.nl;ziggogo.tv,no,Eurosport2.fr,https://cms123456.com/assets/uploads/files/37b5f-236176-24642541-2560-1440.jpg
uhf:1342,1342,French Sports,FR-SP:Equidia RacingGalop,FR:Equidia.fr,Equidia,FR,canalplus.com;chaines-tv.orange.fr;mon-programme-tv.be;programme-tv.net;tv-programme.telecablesat.fr;tv.blue.ch;tv.sfr.fr;tvcesoir.fr,no,,https://cms123456.com/assets/uploads/files/4680d-equidiaracinggalop.png
uhf:1343,1343,French Sports,FR-SP:Equidia RacingMag,FR:Equidia.fr,Equidia,FR,canalplus.com;chaines-tv.orange.fr;mon-programme-tv.be;programme-tv.net;tv-programme.telecablesat.fr;tv.blue.ch;tv.sfr.fr;tvcesoir.fr,no,,https://cms123456.com/assets/uploads/files/b9695-equidiaracingmag.png
uhf:1341,1341,French Sports,FR-SP:Equidia RacingTrot,FR:Equidia.fr,Equidia,FR,canalplus.com;chaines-tv.orange.fr;mon-programme-tv.be;programme-tv.net;tv-programme.telecablesat.fr;tv.blue.ch;tv.sfr.fr;tvcesoir.fr,no,,https://cms123456.com/assets/uploads/files/1f1fc-equidiaracingtrot.png
uhf:1333,1333,French Sports,FR-SP:Equidia Racnig 1,FR:Equidia.fr,Equidia,FR,canalplus.com;chaines-tv.orange.fr;mon-programme-tv.be;programme-tv.net;tv-programme.telecablesat.fr;tv.blue.ch;tv.sfr.fr;tvcesoir.fr,no,,https://cms123456.com/assets/uploads/files/d9544-equidiar1.png
uhf:1334,1334,French Sports,FR-SP:Equidia Racnig 2,FR:Equidia.fr,Equidia,FR,canalplus.com;chaines-tv.orange.fr;mon-programme-tv.be;programme-tv.net;tv-programme.telecablesat.fr;tv.blue.ch;tv.sfr.fr;tvcesoir.fr,no,,https://cms123456.com/assets/uploads/files/d5a2e-equidiar2.png
uhf:1335,1335,French Sports,FR-SP:Equidia Racnig 3,FR:Equidia.fr,Equidia,FR,canalplus.com;chaines-tv.orange.fr;mon-programme-tv.be;programme-tv.net;tv-programme.telecablesat.fr;tv.blue.ch;tv.sfr.fr;tvcesoir.fr,no,,https://cms123456.com/assets/uploads/files/94c09-equidiar3.png
uhf:1336,1336,French Sports,FR-SP:Equidia Racnig 4,FR:Equidia.fr,Equidia,FR,canalplus.com;chaines-tv.orange.fr;mon-programme-tv.be;programme-tv.net;tv-programme.telecablesat.fr;tv.blue.ch;tv.sfr.fr;tvcesoir.fr,no,,https://cms123456.com/assets/uploads/files/cb216-equidiar4.png
uhf:1337,1337,French Sports,FR-SP:Equidia Racnig 5,FR:Equidia.fr,Equidia,FR,canalplus.com;chaines-tv.orange.fr;mon-programme-tv.be;programme-tv.net;tv-programme.telecablesat.fr;tv.blue.ch;tv.sfr.fr;tvcesoir.fr,no,,https://cms123456.com/assets/uploads/files/da464-equidiar5.png
uhf:1338,1338,French Sports,FR-SP:Equidia Racnig 6,FR:Equidia.fr,Equidia,FR,canalplus.com;chaines-tv.orange.fr;mon-programme-tv.be;programme-tv.net;tv-programme.telecablesat.fr;tv.blue.ch;tv.sfr.fr;tvcesoir.fr,no,,https://cms123456.com/assets/uploads/files/7702d-equidiar6.png
uhf:1339,1339,French Sports,FR-SP:Equidia Racnig 7,FR:Equidia.fr,Equidia,FR,canalplus.com;chaines-tv.orange.fr;mon-programme-tv.be;programme-tv.net;tv-programme.telecablesat.fr;tv.blue.ch;tv.sfr.fr;tvcesoir.fr,no,,https://cms123456.com/assets/uploads/files/87b8a-equidiar7.png
uhf:1340,1340,French Sports,FR-SP:Equidia Racnig 8,FR:Equidia.fr,Equidia,FR,canalplus.com;chaines-tv.orange.fr;mon-programme-tv.be;programme-tv.net;tv-programme.telecablesat.fr;tv.blue.ch;tv.sfr.fr;tvcesoir.fr,no,,https://cms123456.com/assets/uploads/files/ba929-equidiar8.png
uhf:1309,1309,French Sports,FR-SP:Golf+,FR:GolfPlus.fr,Golf +,FR,canalplus.com;programme-tv.net;tv-programme.telecablesat.fr;tv.blue.ch,no,GolfPlus.fr,https://cms123456.com/assets/uploads/files/97074-uzhax6b0_400x400.jpg
uhf:1311,1311,French Sports,FR-SP:INFOSPORT+,FR:InfosportPlus.fr,Infosport+,FR,canalplus.com;programme-tv.net;tv-programme.telecablesat.fr;tv.blue.ch;tvcesoir.fr,no,Infosport.fr,https://cms123456.com/assets/uploads/files/c2093-telechargement.png
uhf:1328,1328,French Sports,FR-SP:LEquipe,FR:LEquipe.fr,L'Equipe,FR,canalplus.com;chaines-tv.orange.fr;guidetnt.com;programme-tv.net;tv-programme.telecablesat.fr;tv.blue.ch;tv.sfr.fr;tvcesoir.fr,no,EquipeTV.fr,https://cms123456.com/assets/uploads/files/685c2-lequipe-050920.jpg
uhf:1329,1329,French Sports,FR-SP:LEquipe Live 1,FR:LEquipe.fr,L'Equipe,FR,canalplus.com;chaines-tv.orange.fr;guidetnt.com;programme-tv.net;tv-programme.telecablesat.fr;tv.blue.ch;tv.sfr.fr;tvcesoir.fr,no,,https://cms123456.com/assets/uploads/files/685c2-lequipe-050920.jpg
uhf:1330,1330,French Sports,FR-SP:LEquipe Live 2,FR:LEquipe.fr,L'Equipe,FR,canalplus.com;chaines-tv.orange.fr;guidetnt.com;programme-tv.net;tv-programme.telecablesat.fr;tv.blue.ch;tv.sfr.fr;tvcesoir.fr,no,,https://cms123456.com/assets/uploads/files/685c2-lequipe-050920.jpg
uhf:1331,1331,French Sports,FR-SP:LEquipe Live 3,FR:LEquipe.fr,L'Equipe,FR,canalplus.com;chaines-tv.orange.fr;guidetnt.com;programme-tv.net;tv-programme.telecablesat.fr;tv.blue.ch;tv.sfr.fr;tvcesoir.fr,no,,https://cms123456.com/assets/uploads/files/685c2-lequipe-050920.jpg
uhf:1279,1279,French Sports,FR-SP:LEquipe Live 4,FR:LEquipe.fr,L'Equipe,FR,canalplus.com;chaines-tv.orange.fr;guidetnt.com;programme-tv.net;tv-programme.telecablesat.fr;tv.blue.ch;tv.sfr.fr;tvcesoir.fr,no,,
uhf:1278,1278,French Sports,FR-SP:LEquipe Live 5,FR:LEquipe.fr,L'Equipe,FR,canalplus.com;chaines-tv.orange.fr;guidetnt.com;programme-tv.net;tv-programme.telecablesat.fr;tv.blue.ch;tv.sfr.fr;tvcesoir.fr,no,,
uhf:1277,1277,French Sports,FR-SP:LEquipe Live 6,FR:LEquipe.fr,L'Equipe,FR,canalplus.com;chaines-tv.orange.fr;guidetnt.com;programme-tv.net;tv-programme.telecablesat.fr;tv.blue.ch;tv.sfr.fr;tvcesoir.fr,no,,
uhf:1265,1265,French Sports,FR-SP:RMC-SPORT1_HD,FR:RMCSport1.fr,RMC Sport 1,FR,canalplus.com;programme-tv.net;tv-programme.telecablesat.fr;tv.sfr.fr;tvcesoir.fr,yes,RMCSport1.fr,https://cms123456.com/assets/uploads/files/e05b5-rmc-sport-1.jpg
uhf:1266,1266,French Sports,FR-SP:RMC-SPORT1_HD v2,FR:RMCSport1.fr,RMC Sport 1,FR,canalplus.com;programme-tv.net;tv-programme.telecablesat.fr;tv.sfr.fr;tvcesoir.fr,yes,,https://cms123456.com/assets/uploads/files/04c3c-e05b5-rmc-sport-1.jpg
uhf:1267,1267,French Sports,FR-SP:RMC-SPORT2_HD,FR:RMCSport2.fr,RMC Sport 2,FR,canalplus.com;mon-programme-tv.be;programme-tv.net;tv-programme.telecablesat.fr;tv.post.lu;tv.sfr.fr;tvcesoir.fr,yes,RMCSport2.fr,https://cms123456.com/assets/uploads/files/e05b5-rmc-sport-1.jpg
uhf:1268,1268,French Sports,FR-SP:Rmc Sport 3 Live,FR:RMCSport3.fr,RMC Sport 3,FR,tv.sfr.fr,yes,,https://cms123456.com/assets/uploads/files/04c3c-e05b5-rmc-sport-1.jpg
uhf:1269,1269,French Sports,FR-SP:Rmc Sport 4 Live,FR:RMCSport4.fr,RMC Sport 4,FR,tv.sfr.fr,yes,,https://cms123456.com/assets/uploads/files/04c3c-e05b5-rmc-sport-1.jpg
uhf:854,854,French-HD,Canal+ Kids,FR:CanalPlusKids.fr,Canal+ Kids,FR,canalplus.com;chaines-tv.orange.fr;guidetnt.com;programme-tv.net;tv.blue.ch;tv.sfr.fr;tvcesoir.fr,yes,Canal+Kids.fr,https://cms123456.com/assets/uploads/files/307d4-chn43fn_40183_20210902.jpg
uhf:849,849,French-HD,FR- Canal+ Box office,FR:CanalPlusBoxOffice.fr,Canal+ Box Office,FR,chaines-tv.orange.fr;guidetnt.com;tv.sfr.fr,yes,,https://cms123456.com/assets/uploads/files/89f02-images-2-.png
uhf:848,848,French-HD,FR- Canal+ Grand Ecran,FR:CanalPlusGrandEcran.fr,Canal+ Grand Ecran,FR,canalplus.com;chaines-tv.orange.fr;guidetnt.com;programme-tv.net;tv.sfr.fr;tvcesoir.fr,yes,,https://cms123456.com/assets/uploads/files/c97ef-images-1-.png
uhf:855,855,French-HD,FR- Canal+Docs,FR:CanalPlusDocs.fr,Canal+ Docs,FR,canalplus.com;chaines-tv.orange.fr;guidetnt.com;programme-tv.net;tv.blue.ch;tv.sfr.fr;tvcesoir.fr,yes,Canal+Docs.fr,https://cms123456.com/assets/uploads/files/f3841-canal_docs_pivot_fn.jpg
uhf:870,870,French-HD,FR-13eme_Rue,FR:13emeRue.fr,13eme Rue,FR,chaines-tv.orange.fr;guidetnt.com;mon-programme-tv.be;pickx.be;programme-tv.net;tv-programme.telecablesat.fr;tv.blue.ch;tv.sfr.fr;tvcesoir.fr,yes,13Rue.fr,https://cms123456.com/assets/uploads/files/ca63d-telechargement.jpeg
uhf:832,832,French-HD,FR-6TER,FR:6ter.fr,6ter,FR,canalplus.com;chaines-tv.orange.fr;guidetnt.com;programme-tv.net;tv-programme.telecablesat.fr;tv.post.lu;tv.sfr.fr;tvcesoir.fr,no,6ter.fr,https://cms123456.com/assets/uploads/files/16c82-32589-6ter.png
uhf:867,867,French-HD,FR-AB1,FR:AB1.fr,AB1,FR,canalplus.com;chaines-tv.orange.fr;guidetnt.com;programme-tv.net;tv-programme.telecablesat.fr;tv.blue.ch;tv.post.lu;tv.sfr.fr;tvcesoir.fr,yes,AB1.fr,https://cms123456.com/assets/uploads/files/2dc54-1200px-logo_ab1_2011.svg.png
uhf:811,811,French-HD,FR-ARTE,FR:arte.fr,arte,FR,canalplus.com;chaines-tv.orange.fr;guidetnt.com;meo.pt;mon-programme-tv.be;nostv.pt;pickx.be;programme-tv.net;programtv.onet.pl;teliatv.ee;tv-programme.telecablesat.fr;tv.blue.ch;tv.nu;tv.post.lu;tv.sfr.fr;tv2go.t-2.net;tvcesoir.fr;tvgids.nl;tvheute.at;tvprofil.com;webtv.delta.nl,no,ARTE.fr,https://cms123456.com/assets/uploads/files/bff35-7b5af-arte.png
uhf:865,865,French-HD,FR-Action,FR:Action.fr,Action,FR,canalplus.com;chaines-tv.orange.fr;guidetnt.com;mon-programme-tv.be;pickx.be;programme-tv.net;tv-programme.telecablesat.fr;tv.blue.ch;tv.post.lu;tv.sfr.fr;tvcesoir.fr,yes,Action.fr,https://cms123456.com/assets/uploads/files/1c785-action_fr.png
uhf:887,887,French-HD,FR-Animaux,FR:Animaux.fr,Animaux,FR,canalplus.com;chaines-tv.orange.fr;guidetnt.com;mon-programme-tv.be;pickx.be;programme-tv.net;tv-programme.telecablesat.fr;tv.blue.ch;tv.mail.ru;tv.post.lu;tv.sfr.fr;tvcesoir.fr,yes,Animaux.fr,https://cms123456.com/assets/uploads/files/75dee-ce2be-animaux_fr_hd.png
uhf:818,818,French-HD,FR-BFM Business,FR:BFMBusiness.fr,BFM Business,FR,canalplus.com;chaines-tv.orange.fr;meo.pt;programme-tv.net;tv-programme.telecablesat.fr;tv.blue.ch;tv.sfr.fr;tvcesoir.fr,no,BFMBusiness.fr,https://cms123456.com/assets/uploads/files/75a1d-logo_business_2020.png
uhf:817,817,French-HD,FR-BFM-TV,FR:BFMTV.fr,BFM TV,FR,canalplus.com;chaines-tv.orange.fr;meo.pt;mon-programme-tv.be;tv-programme.telecablesat.fr;tv.blue.ch;tv.sfr.fr;tvcesoir.fr,no,BFMTV.fr,https://cms123456.com/assets/uploads/files/614d0-logo_bfm_tv_-2019-.png
uhf:829,829,French-HD,FR-CNEWS,FR:CNews.fr,CNews,FR,canalplus.com;chaines-tv.orange.fr;mon-programme-tv.be;programme-tv.net;tv-programme.telecablesat.fr;tv.blue.ch;tv.post.lu;tv.sfr.fr;tvcesoir.fr,no,CNews.fr,https://cms123456.com/assets/uploads/files/e3cc6-cnews-logo-300x300_5dee447eed80f.png
uhf:830,830,French-HD,FR-CSTAR,FR:CStar.fr,C Star,FR,canalplus.com;chaines-tv.orange.fr;guidetnt.com;mon-programme-tv.be;programme-tv.net;tv-programme.telecablesat.fr;tv.blue.ch;tv.post.lu;tv.sfr.fr;tvcesoir.fr,no,CStar.fr,https://cms123456.com/assets/uploads/files/ab75c-69fd5-cstar.png
uhf:847,847,French-HD,FR-Canal+,FR:CanalPlus.fr,Canal+,FR,canalplus.com;chaines-tv.orange.fr;guidetnt.com;programme-tv.net;tv-programme.telecablesat.fr;tv.blue.ch;tvcesoir.fr,yes,,https://cms123456.com/assets/uploads/files/869df-0a039-canal-.png
uhf:938,938,French-HD,FR-Canal-J,FR:CanalJ.fr,Canal J,FR,canalplus.com;chaines-tv.orange.fr;mon-programme-tv.be;pickx.be;programme-tv.net;tv-programme.telecablesat.fr;tv.blue.ch;tv.post.lu;tv.sfr.fr;tvcesoir.fr,yes,CanalJ.fr,https://cms123456.com/assets/uploads/files/de251-logo_canal_j.png
uhf:886,886,French-HD,FR-Chasse-et-Peche,FR:ChassePeche.fr,Chasse & Peche,FR,canalplus.com;chaines-tv.orange.fr;mon-programme-tv.be;programme-tv.net;tv-programme.telecablesat.fr;tv.blue.ch;tv.post.lu;tv.sfr.fr;tvcesoir.fr,yes,ChassePeche.fr,https://cms123456.com/assets/uploads/files/a93c6-5cd8a-chasse-et-peche.png
uhf:861,861,French-HD,FR-Cine+Classic,FR:CinePlusClassic.fr,Cine+ Classic,FR,canalplus.com;chaines-tv.orange.fr;guidetnt.com;programme-tv.net;tv-programme.telecablesat.fr;tv.blue.ch;tv.sfr.fr;tvcesoir.fr,no,CinecinemaClassic.fr,https://cms123456.com/assets/uploads/files/8a9db-ee406-cine-_classic.png
uhf:858,858,French-HD,FR-Cine+Emotion,FR:CinePlusEmotion.fr,Cine+ Emotion,FR,canalplus.com;chaines-tv.orange.fr;guidetnt.com;programme-tv.net;tv-programme.telecablesat.fr;tv.blue.ch;tv.sfr.fr;tvcesoir.fr,no,CinecinemaEmotion.fr,https://cms123456.com/assets/uploads/files/9b4ff-cine-emotion.png
uhf:857,857,French-HD,FR-Cine+Frisson,FR:CinePlusFrisson.fr,Cine+ Frisson,FR,canalplus.com;chaines-tv.orange.fr;guidetnt.com;pickx.be;programme-tv.net;tv-programme.telecablesat.fr;tv.blue.ch;tv.sfr.fr;tvcesoir.fr,no,CinecinemaFrisson.fr,https://cms123456.com/assets/uploads/files/24148-1d449-cine-_frisson.png
uhf:904,904,French-HD,FR-Comedie+,FR:ComediePlus.fr,Comedie+,FR,canalplus.com;chaines-tv.orange.fr;guidetnt.com;mon-programme-tv.be;programme-tv.net;tv-programme.telecablesat.fr;tv.blue.ch;tvcesoir.fr,no,Comedie.fr,https://cms123456.com/assets/uploads/files/6c0f2-comedie-1432803505.jpg
uhf:826,826,French-HD,FR-FRANCE 24,FR:France24.fr,France 24,FR,airtelxstream.in;cableplus.com.uy;canalplus.com;chaines-tv.orange.fr;content.astro.com.my;cubmu.com;dens.tv;dishtv.in;epg.iptvx.one;france.tv;freeview.co.uk;guidatv.sky.it;horizon.tv;i.mjh.nz;m.tv.sms.cz;magticom.ge;melita.com;meo.pt;mi.tv;mncvision.id;mon-programme-tv.be;mujtvprogram.cz;mytelly.co.uk;mytvsuper.com;nostv.pt;nowplayer.now.com;pickx.be;playtv.unifi.com.my;plex.tv;programacion-tv.elpais.com;programacion.tcc.com.uy;programetv.ro;programme-tv.net;programtv.onet.pl;sat.tv;singtel.com;sky.com;starhubtvplus.com;superguidatv.it;tataplay.com;teliatv.ee;tivu.tv;tv-programme.telecablesat.fr;tv.blue.ch;tv.dir.bg;tv.magenta.at;tv.mail.ru;tv.nu;tv.post.lu;tv.sfr.fr;tv24.se;tv2go.t-2.net;tvcesoir.fr;tvhebdo.com;tvireland.ie;tvpassport.com;tvplus.com.tr;tvprofil.com;tvtv.us;virgintvgo.virginmedia.com;visionplus.id;vodafone.pt;watch.whaletvplus.com;web.magentatv.de;webtv.delta.nl;zap.co.ao,no,France24.fr,https://cms123456.com/assets/uploads/files/ee2d2-telechargement-4-.png
uhf:806,806,French-HD,FR-FRANCE2,FR:France2.fr,France 2,FR,canalplus.com;chaines-tv.orange.fr;france.tv;guidetnt.com;melita.com;meo.pt;mon-programme-tv.be;orangetv.orange.es;pickx.be;programetv.ro;programme-tv.net;programtv.onet.pl;telenet.tv;teliatv.ee;tv-programme.telecablesat.fr;tv.blue.ch;tv.nu;tv.post.lu;tv.sfr.fr;tv24.se;tv2go.t-2.net;tvcesoir.fr;webtv.delta.nl;zap.co.ao,yes,France2.fr,https://cms123456.com/assets/uploads/files/e11a2-france_2_logo.png
uhf:807,807,French-HD,FR-FRANCE3,FR:France3.fr,France 3,FR,canalplus.com;chaines-tv.orange.fr;france.tv;guidetnt.com;m.tv.sms.cz;meo.pt;mon-programme-tv.be;pickx.be;programetv.ro;programme-tv.net;telenet.tv;tv-programme.telecablesat.fr;tv.blue.ch;tv.post.lu;tv.sfr.fr;tvcesoir.fr;webtv.delta.nl;zap.co.ao,no,France3.fr,https://cms123456.com/assets/uploads/files/a855c-france3-2008.png
uhf:808,808,French-HD,FR-FRANCE4,FR:France4.fr,France 4,FR,canalplus.com;chaines-tv.orange.fr;france.tv;guidetnt.com;meo.pt;mon-programme-tv.be;pickx.be;programme-tv.net;telenet.tv;tv-programme.telecablesat.fr;tv.blue.ch;tv.post.lu;tv.sfr.fr;tvcesoir.fr,no,France4.fr,https://cms123456.com/assets/uploads/files/bcb6a-france_4_logo.png
uhf:809,809,French-HD,FR-FRANCE5,FR:France5.fr,France 5,FR,canalplus.com;chaines-tv.orange.fr;france.tv;guidetnt.com;meo.pt;mon-programme-tv.be;orangetv.orange.es;pickx.be;programetv.ro;programme-tv.net;telenet.tv;tv-programme.telecablesat.fr;tv.blue.ch;tv.post.lu;tv.sfr.fr;tvcesoir.fr;zap.co.ao,yes,France5.fr,https://cms123456.com/assets/uploads/files/648a6-1200px-logo_france_5.svg.png
uhf:816,816,French-HD,FR-FRANCEINFO,FR:Franceinfo.fr,Franceinfo,FR,canalplus.com;chaines-tv.orange.fr;meo.pt;tv-programme.telecablesat.fr;tv.blue.ch;tv.post.lu;tv.sfr.fr;tvcesoir.fr,no,Franceinfo.fr,https://cms123456.com/assets/uploads/files/02fc6-78978-france_info_tv.png
uhf:936,936,French-HD,FR-Gulli,FR:Gulli.fr,Gulli,FR,canalplus.com;chaines-tv.orange.fr;epg.iptvx.one;guidetnt.com;mon-programme-tv.be;orangetv.orange.es;pickx.be;programme-tv.net;tv-programme.telecablesat.fr;tv.blue.ch;tv.post.lu;tv.sfr.fr;tvcesoir.fr,no,Gulli.fr,https://cms123456.com/assets/uploads/files/3930c-gulli_fr.png
uhf:875,875,French-HD,FR-HISTOIRE,FR:HistoireTV.fr,Histoire TV,FR,canalplus.com;chaines-tv.orange.fr;guidetnt.com;mon-programme-tv.be;pickx.be;programme-tv.net;tv-programme.telecablesat.fr;tv.blue.ch;tv.post.lu;tv.sfr.fr;tvcesoir.fr;zap.co.ao,no,Histoire.fr,https://cms123456.com/assets/uploads/files/ec521-kisspng-history-television-channel-logo-starz-encore-5b3308eda538b2.7441033615300712776768.jpg
uhf:828,828,French-HD,FR-LA CHAINE METEO,FR:LaChaineMeteo.fr,La Chaine Meteo,FR,canalplus.com;programme-tv.net;tv.blue.ch;tv.sfr.fr;tvcesoir.fr,no,LaChaineMeteo.fr,https://cms123456.com/assets/uploads/files/0e4e1-la_chaine_meteo.png
uhf:846,846,French-HD,FR-LCI,FR:LCI.fr,LCI,FR,canalplus.com;chaines-tv.orange.fr;mon-programme-tv.be;pickx.be;programme-tv.net;telenet.tv;tv-programme.telecablesat.fr;tv.blue.ch;tv.post.lu;tv.sfr.fr;tvcesoir.fr;zap.co.ao,no,LCI.fr,https://cms123456.com/assets/uploads/files/56f3b-c632d-lci.png
uhf:815,815,French-HD,FR-LCP,FR:LCP.fr,LCP,FR,canalplus.com;chaines-tv.orange.fr;guidetnt.com;programme-tv.net;tv-programme.telecablesat.fr;tv.blue.ch;tv.sfr.fr;tvcesoir.fr,no,,https://cms123456.com/assets/uploads/files/3ec9a-b05ce-lcp.png
uhf:810,810,French-HD,FR-M6,FR:M6.fr,M6,FR,canalplus.com;chaines-tv.orange.fr;guidetnt.com;mon-programme-tv.be;nostv.pt;programme-tv.net;programtv.onet.pl;tv-programme.telecablesat.fr;tv.post.lu;tv.sfr.fr;tvcesoir.fr;vodafone.pt,no,M6.fr,https://cms123456.com/assets/uploads/files/0d28d-057e4-m6.png
uhf:929,929,French-HD,FR-M6_MUSIC,FR:M6Music.fr,M6 Music,FR,canalplus.com;chaines-tv.orange.fr;mon-programme-tv.be;programme-tv.net;tv.post.lu;tv.sfr.fr;tvcesoir.fr,no,M6Music.fr,https://cms123456.com/assets/uploads/files/163d8-2960858357_1_3_2ykd7phm.jpg
uhf:906,906,French-HD,FR-MCM,FR:MCM.fr,MCM,FR,canalplus.com;chaines-tv.orange.fr;guidetnt.com;programme-tv.net;tv-programme.telecablesat.fr;tv.blue.ch;tv.post.lu;tv.sfr.fr;tvcesoir.fr,no,MCM.fr,https://cms123456.com/assets/uploads/files/b2c8e-1200px-mcm_logo_2017.svg.png
uhf:935,935,French-HD,FR-MELODY,FR:Melody.fr,Melody,FR,canalplus.com;chaines-tv.orange.fr;mon-programme-tv.be;pickx.be;programme-tv.net;tv-programme.telecablesat.fr;tv.blue.ch;tv.post.lu;tv.sfr.fr;tvcesoir.fr,no,Melody.fr,https://cms123456.com/assets/uploads/files/3fed1-melody.png
uhf:926,926,French-HD,FR-MTV,FR:MTV.fr,MTV,FR,canalplus.com;chaines-tv.orange.fr;guidetnt.com;mon-programme-tv.be;pickx.be;programme-tv.net;tv-programme.telecablesat.fr;tv.blue.ch;tv.sfr.fr;tvcesoir.fr,no,MTVLive.eu,https://cms123456.com/assets/uploads/files/7230c-channels4_profile.jpg
uhf:903,903,French-HD,FR-Mangas,FR:Mangas.fr,Mangas,FR,canalplus.com;chaines-tv.orange.fr;mon-programme-tv.be;pickx.be;programme-tv.net;tv-programme.telecablesat.fr;tv.blue.ch;tv.post.lu;tv.sfr.fr;tvcesoir.fr,yes,Mangas.fr,https://cms123456.com/assets/uploads/files/85d84-mangas.png
uhf:947,947,French-HD,FR-NICKELODEON,FR:Nickelodeon.fr,Nickelodeon,FR,canalplus.com;chaines-tv.orange.fr;mon-programme-tv.be;pickx.be;programme-tv.net;telenet.tv;tv-programme.telecablesat.fr;tv.blue.ch;tv.sfr.fr;tvcesoir.fr,no,Nickelodeon.fr,https://cms123456.com/assets/uploads/files/c9d7e-unnamed-16-.jpg
uhf:949,949,French-HD,FR-NICKELODEON TEEN,FR:NickelodeonTeen.fr,Nickelodeon Teen,FR,canalplus.com;chaines-tv.orange.fr;i.mjh.nz;pluto.tv;programme-tv.net;tv.blue.ch;tv.sfr.fr;tvcesoir.fr,no,Nick4teens.fr,https://cms123456.com/assets/uploads/files/2c8d1-nickelodeon-teen.png
uhf:933,933,French-HD,FR-NRJ_Hits,FR:NRJHits.fr,NRJ Hits,FR,canalplus.com;chaines-tv.orange.fr;programme-tv.net;tv.sfr.fr;tvcesoir.fr,no,NRJHits.fr,https://cms123456.com/assets/uploads/files/e1ea6-1200px-nrj_hits_2017.svg.png
uhf:896,896,French-HD,FR-National Geographic,FR:NationalGeographic.fr,National Geographic,FR,chaines-tv.orange.fr;guidetnt.com;mon-programme-tv.be;pickx.be;programme-tv.net;tv-programme.telecablesat.fr;tv.blue.ch;tvcesoir.fr,no,NationalGeographic.fr,https://cms123456.com/assets/uploads/files/1593f-2560px-national_geographic_channel.svg.png
uhf:892,892,French-HD,FR-PLANETE+,FR:PlanetePlus.fr,Planete+,FR,canalplus.com;chaines-tv.orange.fr;guidetnt.com;mon-programme-tv.be;programme-tv.net;tv-programme.telecablesat.fr;tv.blue.ch;tvcesoir.fr;tvhebdo.com,no,PLANETE.fr,https://cms123456.com/assets/uploads/files/e27e5-ad583-planete_plus_hd.png
uhf:893,893,French-HD,FR-PLANETE+_CI,FR:PlanetePlus.fr,Planete+,FR,canalplus.com;chaines-tv.orange.fr;guidetnt.com;mon-programme-tv.be;programme-tv.net;tv-programme.telecablesat.fr;tv.blue.ch;tvcesoir.fr;tvhebdo.com,no,Planete+CrimeInvestigation.fr,https://cms123456.com/assets/uploads/files/c8bf2-e2d85-planete-c.i.-hd.png
uhf:869,869,French-HD,FR-Paris Premiere,FR:ParisPremiere.fr,Paris Premiere,FR,canalplus.com;chaines-tv.orange.fr;programme-tv.net;tv-programme.telecablesat.fr;tv.sfr.fr;tvcesoir.fr,no,ParisPremiere.fr,https://cms123456.com/assets/uploads/files/625e8-images-2-.png
uhf:940,940,French-HD,FR-Piwi,FR:PiwiPlus.fr,Piwi+,FR,canalplus.com;chaines-tv.orange.fr;mon-programme-tv.be;programme-tv.net;tv-programme.telecablesat.fr;tv.blue.ch;tvcesoir.fr,no,PIWI.fr,https://cms123456.com/assets/uploads/files/e6b81-piwi_logo_old.png
uhf:894,894,French-HD,FR-Planete+ AE,FR:PlanetePlus.fr,Planete+,FR,canalplus.com;chaines-tv.orange.fr;guidetnt.com;mon-programme-tv.be;programme-tv.net;tv-programme.telecablesat.fr;tv.blue.ch;tvcesoir.fr;tvhebdo.com,no,Planete+AventureExperience.fr,https://cms123456.com/assets/uploads/files/910d3-planeteae-frequence-astra.jpg
uhf:864,864,French-HD,FR-Polar+,FR:PolarPlus.fr,Polar+,FR,canalplus.com;chaines-tv.orange.fr;guidetnt.com;programme-tv.net;tv-programme.telecablesat.fr;tv.blue.ch;tvcesoir.fr,no,PolarPlus.fr,https://cms123456.com/assets/uploads/files/a6309-telechargement-1-.jpeg
uhf:833,833,French-HD,FR-RMC-STORY,FR:RMCStory.fr,RMC Story,FR,canalplus.com;chaines-tv.orange.fr;guidetnt.com;programme-tv.net;tv-programme.telecablesat.fr;tv.blue.ch;tv.sfr.fr;tvcesoir.fr,no,RMCStory.fr,https://cms123456.com/assets/uploads/files/584dc-85789-teles-rmcstory.png
uhf:834,834,French-HD,FR-RMC_Decouverte,FR:RMCDecouverte.fr,RMC Decouverte,FR,canalplus.com;chaines-tv.orange.fr;guidetnt.com;programme-tv.net;tv-programme.telecablesat.fr;tv.blue.ch;tv.sfr.fr;tvcesoir.fr,no,RMCdecouverte.fr,https://cms123456.com/assets/uploads/files/95704-8f83d-rmc-decouverte.png
uhf:891,891,French-HD,FR-SEASONS,FR:Seasons.fr,Seasons,FR,canalplus.com;programme-tv.net;tv-programme.telecablesat.fr;tv.blue.ch;tv.sfr.fr;tvcesoir.fr,no,Seasons.fr,https://cms123456.com/assets/uploads/files/a59ed-68aef-canalplus_fr_seasons.png
uhf:872,872,French-HD,FR-Serie_Club,FR:SerieClub.fr,Serie Club,FR,canalplus.com;chaines-tv.orange.fr;programme-tv.net;tv-programme.telecablesat.fr;tv.sfr.fr;tvcesoir.fr,yes,SerieClub.fr,https://cms123456.com/assets/uploads/files/ae103-bfmqqmwt_400x400.jpg
uhf:868,868,French-HD,FR-TEVA,FR:Teva.fr,Teva,FR,canalplus.com;chaines-tv.orange.fr;programme-tv.net;tv-programme.telecablesat.fr;tv.sfr.fr;tvcesoir.fr,no,Teva.fr,https://cms123456.com/assets/uploads/files/540cf-teva.png
uhf:803,803,French-HD,FR-TF1,FR:TF1.fr,TF1,FR,canalplus.com;chaines-tv.orange.fr;guidetnt.com;m.tv.sms.cz;mon-programme-tv.be;pickx.be;programme-tv.net;tv-programme.telecablesat.fr;tv.post.lu;tv.sfr.fr;tvcesoir.fr,no,,https://cms123456.com/assets/uploads/files/e66df-tf1-vign.jpg
uhf:804,804,French-HD,FR-TF1 V2,FR:TF1.fr,TF1,FR,canalplus.com;chaines-tv.orange.fr;guidetnt.com;m.tv.sms.cz;mon-programme-tv.be;pickx.be;programme-tv.net;tv-programme.telecablesat.fr;tv.post.lu;tv.sfr.fr;tvcesoir.fr,no,TF1.fr,https://cms123456.com/assets/uploads/files/22cc0-e66df-tf1-vign.jpg
uhf:831,831,French-HD,FR-TF1-Séries-Films,FR:TF1SeriesFilms.fr,TF1 Series Films,FR,canalplus.com;chaines-tv.orange.fr;guidetnt.com;mon-programme-tv.be;pickx.be;programme-tv.net;tv-programme.telecablesat.fr;tv.blue.ch;tv.sfr.fr;tvcesoir.fr,no,TF1SeriesFilms.fr,https://cms123456.com/assets/uploads/files/57843-vignette-square-tf1sf-e479ac-797df5-0-1x.jpg
uhf:814,814,French-HD,FR-TFX,FR:TFX.fr,TFX,FR,canalplus.com;chaines-tv.orange.fr;guidetnt.com;programme-tv.net;telenet.tv;tv-programme.telecablesat.fr;tv.sfr.fr;tvcesoir.fr,no,TFX.fr,https://cms123456.com/assets/uploads/files/628cf-722c9-tele-tfx.png
uhf:813,813,French-HD,FR-TMC,FR:TMC.fr,TMC,FR,canalplus.com;chaines-tv.orange.fr;guidetnt.com;m.tv.sms.cz;mon-programme-tv.be;pickx.be;programme-tv.net;tv-programme.telecablesat.fr;tv.blue.ch;tv.post.lu;tv.sfr.fr;tvcesoir.fr,no,TMC.fr,https://cms123456.com/assets/uploads/files/85102-a4b0b-tmc.png
uhf:871,871,French-HD,FR-TV_Breizh,FR:TVBreizh.fr,TV Breizh,FR,canalplus.com;chaines-tv.orange.fr;mon-programme-tv.be;pickx.be;programme-tv.net;telenet.tv;tv-programme.telecablesat.fr;tv.blue.ch;tv.post.lu;tv.sfr.fr;tvcesoir.fr,no,TVBreizh.fr,https://cms123456.com/assets/uploads/files/55c15-strats-image-4026067.jpeg
uhf:941,941,French-HD,FR-TeleToon+,FR:TeletoonPlus.fr,Teletoon+,FR,canalplus.com;chaines-tv.orange.fr;mon-programme-tv.be;programme-tv.net;tv-programme.telecablesat.fr;tv.blue.ch;tvcesoir.fr,no,TeleTOON.fr,https://cms123456.com/assets/uploads/files/9e3f8-teletoon-_logo.png
uhf:939,939,French-HD,FR-Tiji,FR:TiJi.fr,TiJi,FR,canalplus.com;chaines-tv.orange.fr;mon-programme-tv.be;pickx.be;programme-tv.net;tv-programme.telecablesat.fr;tv.blue.ch;tv.post.lu;tv.sfr.fr;tvcesoir.fr;zap.co.ao,no,Tiji.fr,https://cms123456.com/assets/uploads/files/248e4-logo_tiji_-2019-.png
uhf:889,889,French-HD,FR-Toute_l histoire,FR:ToutelHistoire.fr,Toute l'Histoire,FR,canalplus.com;chaines-tv.orange.fr;guidetnt.com;mon-programme-tv.be;programme-tv.net;tv-programme.telecablesat.fr;tv.blue.ch;tv.post.lu;tv.sfr.fr;tvcesoir.fr,yes,TouteHistoire.fr,https://cms123456.com/assets/uploads/files/65d6c-89a00-fit-toute-l-histoire.png
uhf:890,890,French-HD,FR-Ushuaïa_TV,FR:UshuaiaTV.fr,Ushuaia TV,FR,canalplus.com;chaines-tv.orange.fr;guidetnt.com;mon-programme-tv.be;pickx.be;programme-tv.net;tv-programme.telecablesat.fr;tv.blue.ch;tv.sfr.fr;tvcesoir.fr;zap.co.ao,no,UshuaiaTV.fr,https://cms123456.com/assets/uploads/files/eec82-a2d87-ushuaia-tv.png
uhf:812,812,French-HD,FR-W9,FR:W9.fr,W9,FR,canalplus.com;chaines-tv.orange.fr;guidetnt.com;programme-tv.net;tv-programme.telecablesat.fr;tv.post.lu;tv.sfr.fr;tvcesoir.fr,no,W9.fr,https://cms123456.com/assets/uploads/files/8c0fb-87405-w9.png
uhf:912,912,French-HD,Fr-Mezzo-Live,FR:Mezzo.fr,Mezzo,FR,canalplus.com;chaines-tv.orange.fr;digiturk.com.tr;epg.iptvx.one;horizon.tv;m.tv.sms.cz;magticom.ge;melita.com;meo.pt;mon-programme-tv.be;mujtvprogram.cz;musor.tv;neo.io;nostv.pt;orangetv.orange.es;programacion-tv.elpais.com;programetv.ro;programme-tv.net;programtv.onet.pl;teliatv.ee;turksatkablo.com.tr;tv-programme.telecablesat.fr;tv.blue.ch;tv.mail.ru;tv.nu;tv.post.lu;tv.sfr.fr;tv24.se;tv2go.t-2.net;tvcesoir.fr;tvgids.nl;tvhebdo.com;vodafone.pt;webtv.delta.nl;ziggogo.tv,no,Mezzo.fr,https://cms123456.com/assets/uploads/files/86aa6-1545266756_mezzo-live-hd.jpg
uhf:850,850,French-HD,fr-canal+ v2,FR:CanalPlus.fr,Canal+,FR,canalplus.com;chaines-tv.orange.fr;guidetnt.com;programme-tv.net;tv-programme.telecablesat.fr;tv.blue.ch;tvcesoir.fr,yes,,https://cms123456.com/assets/uploads/files/1b49b-869df-0a039-canal-.png
uhf:1707,1707,UK,Channel 4,UK:Channel4.uk,Channel 4,UK,entertainment.ie;freeview.co.uk;mytelly.co.uk;player.ee.co.uk;sky.com;tv.blue.ch;tv24.co.uk;tvireland.ie,yes,,
uhf:1650,1650,UK,UK- 5 Select ,UK:5SELECT.uk,5SELECT,UK,freeview.co.uk;mytelly.co.uk;player.ee.co.uk;sky.com;tv.blue.ch;tv24.co.uk;virgintvgo.virginmedia.com,no,,https://cms123456.com/assets/uploads/files/16822-skytwo.png
uhf:1690,1690,UK,UK-5 Star,UK:5STAR.uk,5STAR,UK,freeview.co.uk;mytelly.co.uk;player.ee.co.uk;sky.com;tv.blue.ch;virgintvgo.virginmedia.com,no,,https://cms123456.com/assets/uploads/files/d4d05-fox_crime_global.png
uhf:1688,1688,UK,UK-Animal Planet,UK:AnimalPlanet.uk,Animal Planet,UK,entertainment.ie;m.tv.sms.cz;mytelly.co.uk;sky.com;tvireland.ie;virgintvgo.virginmedia.com,no,,https://cms123456.com/assets/uploads/files/3c8a1-animal_planet_us_hd.png
uhf:1649,1649,UK,UK-BBC Scotland,UK:BBCScotland.uk,BBC Scotland,UK,freeview.co.uk;mytelly.co.uk;sky.com;virgintvgo.virginmedia.com,no,,https://cms123456.com/assets/uploads/files/7f6c4-200px-bbc_scotland_corporate_logo.svg.png
uhf:1672,1672,UK,UK-Baby TV,UK:BabyTV.uk,BabyTV,UK,bein.com;digiturk.com.tr;dsmart.com.tr;m.tv.sms.cz;melita.com;meo.pt;meuguia.tv;mi.tv;mujtvprogram.cz;musor.tv;mytelly.co.uk;nostv.pt;pickx.be;programacion-tv.elpais.com;programetv.ro;programme-tv.net;programtv.onet.pl;reportv.com.ar;sky.com;startimestv.com;superguidatv.it;telenet.tv;turksatkablo.com.tr;tv.dir.bg;tv.mail.ru;tv2go.t-2.net;tvireland.ie;tvplus.com.tr;virgintvgo.virginmedia.com;vodafone.pt;web.magentatv.de;webtv.delta.nl;zap.co.ao;ziggogo.tv,no,,https://cms123456.com/assets/uploads/files/4e46d-baby_tv_uk_hd.png
uhf:1673,1673,UK,UK-Boomerang,UK:Boomerang.uk,Boomerang,UK,entertainment.ie;mytelly.co.uk;player.ee.co.uk;sky.com;tvireland.ie;virgintvgo.virginmedia.com,no,,https://cms123456.com/assets/uploads/files/109ab-boomerang_global_hd.png
uhf:1675,1675,UK,UK-CARTOON NETWORK,UK:CartoonNetwork.uk,Cartoon Network,UK,entertainment.ie;mytelly.co.uk;player.ee.co.uk;sky.com;tvireland.ie;virgintvgo.virginmedia.com,no,,
uhf:1699,1699,UK,UK-CBBC,UK:CBBC.uk,CBBC,UK,entertainment.ie;freeview.co.uk;m.tv.sms.cz;mytelly.co.uk;player.ee.co.uk;sky.com;tv.blue.ch;tv24.co.uk;tvireland.ie;virgintvgo.virginmedia.com;webtv.delta.nl,no,,https://cms123456.com/assets/uploads/files/817bc-cbbc_2016_logo.svg.png
uhf:1674,1674,UK,UK-Cartoonito,UK:Cartoonito.uk,Cartoonito,UK,dsmart.com.tr;mytelly.co.uk;pickx.be;player.ee.co.uk;sky.com;tvireland.ie;tvplus.com.tr;virgintvgo.virginmedia.com,no,,https://cms123456.com/assets/uploads/files/47a77-cartoonito_us.png
uhf:1705,1705,UK,UK-Channel 5,UK:Channel5.uk,Channel 5,UK,entertainment.ie;freeview.co.uk;m.tv.sms.cz;mytelly.co.uk;player.ee.co.uk;sky.com;tv.blue.ch;tv24.co.uk;virgintvgo.virginmedia.com,yes,,https://cms123456.com/assets/uploads/files/29192-channel_5_-uk-_2016.svg.png
uhf:1692,1692,UK,UK-Comedy Central,UK:ComedyCentral.uk,Comedy Central,UK,entertainment.ie;mytelly.co.uk;player.ee.co.uk;sky.com;tvireland.ie;virgintvgo.virginmedia.com,no,,https://cms123456.com/assets/uploads/files/4f395-comedy_central_us_hd.png
uhf:1682,1682,UK,UK-Discovery Channel,UK:DiscoveryChannel.uk,Discovery Channel,UK,entertainment.ie;mytelly.co.uk;player.ee.co.uk;sky.com;tvireland.ie,no,,https://cms123456.com/assets/uploads/files/7b073-discovery_global_us_hd.png
uhf:1683,1683,UK,UK-Discovery History,UK:DiscoveryHistory.uk,Discovery History,UK,entertainment.ie;mytelly.co.uk;sky.com;tvireland.ie;virgintvgo.virginmedia.com,no,,https://cms123456.com/assets/uploads/files/59e37-discovery_history.png
uhf:1686,1686,UK,UK-Discovery Investigation,UK:DiscoveryChannel.uk,Discovery Channel,UK,entertainment.ie;mytelly.co.uk;player.ee.co.uk;sky.com;tvireland.ie,no,,https://cms123456.com/assets/uploads/files/51d84-investigation_discovery_us-1-.png
uhf:1684,1684,UK,UK-Discovery Science,UK:DiscoveryChannel.uk,Discovery Channel,UK,entertainment.ie;mytelly.co.uk;player.ee.co.uk;sky.com;tvireland.ie,no,,https://cms123456.com/assets/uploads/files/45a1b-discovery_science_global_hd.png
uhf:1685,1685,UK,UK-Discovery Turbo,UK:DiscoveryTurbo.uk,Discovery Turbo,UK,entertainment.ie;mytelly.co.uk;sky.com;tvireland.ie;virgintvgo.virginmedia.com,no,,https://cms123456.com/assets/uploads/files/eeb65-discovery_turbo_us.png
uhf:1676,1676,UK,UK-Disney Channel,UK:DisneyChannelEMEA.uk,Disney Channel EMEA,UK,melita.com,no,,https://cms123456.com/assets/uploads/files/de0f2-disney_channel_global_hd.png
uhf:1677,1677,UK,UK-Disney Junior,UK:DisneyJuniorScandinavia.uk,Disney Junior Scandinavia,UK,teliatv.ee;tv.nu,no,,https://cms123456.com/assets/uploads/files/a27cf-5686b-339_medium.png
uhf:1702,1702,UK,UK-ITV 1,UK:ITV1.uk,ITV1,UK,freeview.co.uk;m.tv.sms.cz;mytelly.co.uk;player.ee.co.uk;sky.com;tv.blue.ch,yes,,https://cms123456.com/assets/uploads/files/0d3f7-itv_uk_hd.png
uhf:1700,1700,UK,UK-ITV 2,UK:ITV2.uk,ITV2,UK,entertainment.ie;freeview.co.uk;m.tv.sms.cz;mytelly.co.uk;player.ee.co.uk;sky.com;tv.blue.ch;tv24.co.uk;virgintvgo.virginmedia.com,no,,https://cms123456.com/assets/uploads/files/71230-itv_uk_2_hd.png
uhf:1661,1661,UK,UK-ITV 3,UK:ITV3.uk,ITV3,UK,entertainment.ie;freeview.co.uk;m.tv.sms.cz;mytelly.co.uk;player.ee.co.uk;sky.com;tv.blue.ch;tv24.co.uk;tvireland.ie;virgintvgo.virginmedia.com,no,,https://cms123456.com/assets/uploads/files/4ebc9-sky_de_cinema_hd.png
uhf:1679,1679,UK,UK-Nickelodeon,UK:Nickelodeon.uk,Nickelodeon,UK,entertainment.ie;mytelly.co.uk;player.ee.co.uk;sky.com;tvireland.ie;virgintvgo.virginmedia.com,no,,https://cms123456.com/assets/uploads/files/84670-nickelodeon_us.png
uhf:1680,1680,UK,UK-Nicktoons,UK:Nicktoons.uk,Nicktoons,UK,entertainment.ie;player.ee.co.uk;sky.com;virgintvgo.virginmedia.com,no,,https://cms123456.com/assets/uploads/files/a1a09-nick_toons_us.png
uhf:1651,1651,UK,UK-SKY NEWS,UK:SkyNews.uk,Sky News,UK,chaines-tv.orange.fr;freeview.co.uk;guidatv.sky.it;i.mjh.nz;melita.com;mytelly.co.uk;neo.io;nowplayer.now.com;player.ee.co.uk;pluto.tv;sky.com;starhubtvplus.com;tv.sfr.fr;tv24.co.uk;tv24.se;tvireland.ie;virgintvgo.virginmedia.com;xumo.tv,yes,,
uhf:1709,1709,UK,UK-Sky Arts,UK:SkyArts.uk,Sky Arts,UK,entertainment.ie;freeview.co.uk;m.tv.sms.cz;mytelly.co.uk;player.ee.co.uk;sky.com;tv24.co.uk;tvireland.ie;virgintvgo.virginmedia.com,no,,https://cms123456.com/assets/uploads/files/87c1b-sky_arts_2020.png
uhf:1653,1653,UK,UK-Sky Atlantic,UK:SkyAtlantic.uk,Sky Atlantic,UK,entertainment.ie;m.tv.sms.cz;mytelly.co.uk;player.ee.co.uk;sky.com;tvireland.ie,no,,https://cms123456.com/assets/uploads/files/9c9a5-sky_uk_atlantic_ie.png
uhf:1654,1654,UK,UK-Sky Cinema Action,UK:SkyCinemaAction.uk,Sky Cinema Action,UK,entertainment.ie;m.tv.sms.cz;mytelly.co.uk;player.ee.co.uk;sky.com;tvireland.ie;virgintvgo.virginmedia.com,no,,https://cms123456.com/assets/uploads/files/b87a9-sky_de_cinema_action.png
uhf:1655,1655,UK,UK-Sky Cinema Comedy,UK:SkyCinemaComedy.uk,Sky Cinema Comedy,UK,entertainment.ie;mytelly.co.uk;player.ee.co.uk;sky.com;tvireland.ie;virgintvgo.virginmedia.com,no,,https://cms123456.com/assets/uploads/files/c68e6-sky_it_cinema_comedy_hd.png
uhf:1656,1656,UK,UK-Sky Cinema Drama,UK:SkyCinemaDrama.uk,Sky Cinema Drama,UK,entertainment.ie;m.tv.sms.cz;mytelly.co.uk;sky.com;tvireland.ie;virgintvgo.virginmedia.com,no,,https://cms123456.com/assets/uploads/files/efc12-sky_uk_cinema_drama_romance.png
uhf:1657,1657,UK,UK-Sky Cinema Family,UK:SkyCinemaFamily.uk,Sky Cinema Family,UK,m.tv.sms.cz;mytelly.co.uk;player.ee.co.uk;sky.com;tvireland.ie;virgintvgo.virginmedia.com,no,,https://cms123456.com/assets/uploads/files/22690-sky_de_cinema_family_hd.png
uhf:1663,1663,UK,UK-Sky Cinema Greats,UK:SkyCinemaGreats.uk,Sky Cinema Greats,UK,entertainment.ie;m.tv.sms.cz;sky.com;tvireland.ie;virgintvgo.virginmedia.com,no,,https://cms123456.com/assets/uploads/files/12d5b-sky_uk_cinema_greats.png
uhf:1658,1658,UK,UK-Sky Cinema Premiere,UK:SkyCinemaPremiere.uk,Sky Cinema Premiere,UK,entertainment.ie;m.tv.sms.cz;mytelly.co.uk;player.ee.co.uk;sky.com;tvireland.ie;virgintvgo.virginmedia.com,no,,https://cms123456.com/assets/uploads/files/4f0f0-sky_uk_cinema_premiere.png
uhf:1659,1659,UK,UK-Sky Cinema Sci Fi & Horror,UK:SkyCinemaSciFiHorror.uk,Sky Cinema Sci-Fi Horror,UK,m.tv.sms.cz;mytelly.co.uk;player.ee.co.uk;sky.com;tvireland.ie;virgintvgo.virginmedia.com,no,,https://cms123456.com/assets/uploads/files/eb08a-sky_uk_cinema_scifi_horror.png
uhf:1660,1660,UK,UK-Sky Cinema Select,UK:SkyCinemaSelect.uk,Sky Cinema Select,UK,m.tv.sms.cz;sky.com;virgintvgo.virginmedia.com,no,,https://cms123456.com/assets/uploads/files/be247-sky_uk_cinema_select.png
uhf:1662,1662,UK,UK-Sky Cinema Thriller,UK:SkyCinemaThriller.uk,Sky Cinema Thriller,UK,entertainment.ie;mytelly.co.uk;player.ee.co.uk;sky.com;tvireland.ie;virgintvgo.virginmedia.com,no,,https://cms123456.com/assets/uploads/files/eb519-sky_uk_cinema_crime_thriller.png
uhf:1687,1687,UK,UK-Sky Crime,UK:SkyCrime.uk,Sky Crime,UK,entertainment.ie;m.tv.sms.cz;mytelly.co.uk;player.ee.co.uk;sky.com;tvireland.ie;virgintvgo.virginmedia.com,no,,https://cms123456.com/assets/uploads/files/26b78-crime_investigation_us-1-.png
uhf:1664,1664,UK,UK-Sky Sports F1,UK:SkySportsF1.uk,Sky Sports F1,UK,mytelly.co.uk;player.ee.co.uk;sky.com;tvireland.ie;virgintvgo.virginmedia.com,yes,,https://cms123456.com/assets/uploads/files/88cf6-sky_it_sport_f1_hd.png
uhf:1665,1665,UK,UK-Sky Sports News,UK:SkySportsNews.uk,Sky Sports News,UK,m.tv.sms.cz;mytelly.co.uk;player.ee.co.uk;sky.com;tvireland.ie;virgintvgo.virginmedia.com,yes,,https://cms123456.com/assets/uploads/files/aeb09-sky_uk_sports_news_hq.png
uhf:1708,1708,UK,Uk- Sky Sports Premier League,UK:SkySportsPremierLeague.uk,Sky Sports Premier League,UK,entertainment.ie;mytelly.co.uk;player.ee.co.uk;sky.com;tvireland.ie;virgintvgo.virginmedia.com,yes,,
uhf:1787,1787,USA,Bravo,US:Bravo.us,Bravo,US,tvguide.com;tvpassport.com;tvtv.us,no,,
uhf:1791,1791,USA,CARTOON NETWORK,US:CartoonNetwork.us,Cartoon Network,US,epg.iptvx.one;gatotv.com;mi.tv;tvguide.com;tvpassport.com;tvtv.us,no,,
uhf:1790,1790,USA,Disney JNR,US:DisneyChannel.us,Disney Channel,US,tvguide.com;tvpassport.com;tvtv.us,no,,
uhf:1789,1789,USA,Disney XD,US:DisneyXD.us,Disney XD,US,tvguide.com;tvpassport.com;tvtv.us,no,,
uhf:1788,1788,USA,E!,US:E.us,E!,US,tvguide.com;tvpassport.com;tvtv.us,no,,
uhf:1786,1786,USA,US-Russia Today USA,US:USATODAY.us,USA TODAY,US,i.mjh.nz;plex.tv,no,,https://cms123456.com/assets/uploads/files/35c1f-russia-today-logo.svg.png
uhf:1772,1772,USA,USA- Action max,US:ActionMax.us,ActionMax,US,ontvtonight.com;tvguide.com;tvpassport.com;tvtv.us,no,,
uhf:1770,1770,USA,USA- American Heroes Channel,US:AmericanHeroesChannel.us,American Heroes Channel,US,tvguide.com;tvhebdo.com;tvpassport.com;tvtv.us,no,,
uhf:1775,1775,USA,USA- Animal Planet,US:AnimalPlanet.us,Animal Planet,US,ontvtonight.com;tvguide.com;tvpassport.com;tvtv.us,no,,
uhf:1784,1784,USA,USA- CINEMAX ACTION MAX EAST,US:ActionMax.us,ActionMax,US,ontvtonight.com;tvguide.com;tvpassport.com;tvtv.us,no,,
uhf:1783,1783,USA,USA- CINEMAX EAST,US:Cinemax.us,Cinemax,US,epg.iptvx.one;tvguide.com;tvpassport.com;tvtv.us,no,,
uhf:1782,1782,USA,USA- CINEMAX MOVIEMAX,US:Cinemax.us,Cinemax,US,epg.iptvx.one;tvguide.com;tvpassport.com;tvtv.us,no,,
uhf:1781,1781,USA,USA- CINEMAX OUTER MAX,US:Cinemax.us,Cinemax,US,epg.iptvx.one;tvguide.com;tvpassport.com;tvtv.us,no,,
uhf:1780,1780,USA,USA- CINEMAX THRILLERMAX HD,US:Cinemax.us,Cinemax,US,epg.iptvx.one;tvguide.com;tvpassport.com;tvtv.us,no,,
uhf:1779,1779,USA,USA- CINEMAXX MORE MAXX,US:Cinemax.us,Cinemax,US,epg.iptvx.one;tvguide.com;tvpassport.com;tvtv.us,no,,
uhf:1764,1764,USA,USA- FXX,US:FXX.us,FXX,US,tvguide.com;tvpassport.com;tvtv.us,no,,
uhf:1767,1767,USA,USA- IFC,US:IFC.us,IFC,US,tvguide.com;tvpassport.com;tvtv.us,no,,
uhf:1777,1777,USA,USA- MLB Network,US:MLBNetwork.us,MLB Network,US,epg.iptvx.one;tvguide.com;tvhebdo.com;tvpassport.com;tvtv.us,yes,,
uhf:1760,1760,USA,USA- UFC Fight Pass,US:Fight.us,Fight,US,cubmu.com,no,,
uhf:1730,1730,USA,USA-A&E,US:AE.us,A&E,US,tvguide.com;tvhebdo.com;tvtv.us,no,,
uhf:1716,1716,USA,USA-ABC,US:ABC.us,ABC,US,ontvtonight.com;tvguide.com;tvpassport.com;tvtv.us,no,,https://cms123456.com/assets/uploads/files/4221d-abc-logo.jpg
uhf:1715,1715,USA,USA-ABC-NEWS,US:ABCNewsLive.us,ABC News Live,US,epg.iptvx.one;i.mjh.nz;pluto.tv;tvpassport.com;tvtv.us;xumo.tv,no,,https://cms123456.com/assets/uploads/files/60b8a-abcn.png
uhf:1727,1727,USA,USA-AMC,US:AMC.us,AMC,US,ontvtonight.com;tvguide.com;tvpassport.com;tvtv.us,no,,https://cms123456.com/assets/uploads/files/92aa8-amc.png
uhf:1740,1740,USA,USA-Bloomberg,US:BloombergTV.us,Bloomberg TV,US,bein.com;canalplus.com;chaines-tv.orange.fr;content.astro.com.my;digiturk.com.tr;directv.com.uy;distro.tv;guidatv.sky.it;i.mjh.nz;m.tv.sms.cz;melita.com;meo.pt;meuguia.tv;mi.tv;mncvision.id;mujtvprogram.cz;mytelly.co.uk;nostv.pt;nowplayer.now.com;nuevosiglo.com.uy;osn.com;plex.tv;pluto.tv;programetv.ro;programtv.onet.pl;singtel.com;sky.com;starhubtvplus.com;startimestv.com;superguidatv.it;tataplay.com;telenet.tv;teliatv.ee;tv.blue.ch;tv.lv;tv.magenta.at;tv.mail.ru;tv.post.lu;tv.sfr.fr;tvguide.com;tvireland.ie;tvpassport.com;tvplus.com.tr;tvtv.us;virgintvgo.virginmedia.com;visionplus.id;vodafone.pt;watch.whaletvplus.com;webtv.delta.nl,no,,https://cms123456.com/assets/uploads/files/326ff-2def0-fr-recupere.png
uhf:1714,1714,USA,USA-CBSN,US:CBSNews247.us,CBS News 24/7,US,i.mjh.nz;plex.tv;pluto.tv;xumo.tv,no,,https://cms123456.com/assets/uploads/files/046c7-450.png
uhf:1713,1713,USA,USA-CNBC,US:CNBC.us,CNBC,US,epg.iptvx.one;starhubtvplus.com;tvguide.com;tvhebdo.com;tvpassport.com;tvtv.us,no,,https://cms123456.com/assets/uploads/files/4885c-thumb-cnbc-2013-01-29.jpg
uhf:1710,1710,USA,USA-CNN,US:CNN.us,CNN,US,i.mjh.nz;meuguia.tv;tv.dir.bg;tvguide.com;tvguide.myjcom.jp;tvhebdo.com;tvpassport.com;tvtv.us;vodafone.pt,yes,,https://cms123456.com/assets/uploads/files/4e8ae-cnn-logo.png
uhf:1728,1728,USA,USA-CW,US:CW.us,CW,US,tvtv.us,no,,https://cms123456.com/assets/uploads/files/5243f-cw.png
uhf:1735,1735,USA,USA-CineMax,US:Cinemax.us,Cinemax,US,epg.iptvx.one;tvguide.com;tvpassport.com;tvtv.us,no,,https://cms123456.com/assets/uploads/files/b5313-2def0-fr-recupere.png
uhf:1741,1741,USA,USA-ESPN,US:ESPN.us,ESPN,US,epg.iptvx.one;meuguia.tv;mi.tv;ontvtonight.com;tvguide.com;tvpassport.com;tvtv.us,yes,,https://cms123456.com/assets/uploads/files/11108-2def0-fr-recupere.png
uhf:1742,1742,USA,USA-ESPN-2,US:ESPN2.us,ESPN 2,US,epg.iptvx.one;ontvtonight.com;tvguide.com;tvpassport.com;tvtv.us,yes,,https://cms123456.com/assets/uploads/files/40b69-2def0-fr-recupere.png
uhf:1717,1717,USA,USA-FOX,US:Fox.us,Fox,US,tvguide.com;tvpassport.com;tvtv.us,no,,https://cms123456.com/assets/uploads/files/dad5d-fox.png
uhf:1718,1718,USA,USA-Fox-News,US:FoxNewsChannel.us,Fox News Channel,US,epg.iptvx.one;foxtel.com.au;gatotv.com;guidatv.sky.it;i.mjh.nz;mi.tv;mncvision.id;nuevosiglo.com.uy;nzxmltv.com;programacion.tcc.com.uy;singtel.com;sky.co.nz;starhubtvplus.com;superguidatv.it;tv.blue.ch;tvguide.com;tvhebdo.com;tvpassport.com;tvtv.us;visionplus.id;webtv.delta.nl,no,,https://cms123456.com/assets/uploads/files/ec305-acevvvedo-foxnews.jpg
uhf:1719,1719,USA,USA-Fox-Sports-1,US:FoxSports1.us,Fox Sports 1,US,tvguide.com,yes,,https://cms123456.com/assets/uploads/files/ccc10-fox-sports-1-logo__onecolumn.gif
uhf:1720,1720,USA,USA-Fox-Sports-2,US:FoxSports2.us,Fox Sports 2,US,tvguide.com,yes,,https://cms123456.com/assets/uploads/files/703db-acevvvedo-foxnews.jpg
uhf:1792,1792,USA,USA-GOLF CHANNEL ,US:GolfChannel.us,Golf Channel,US,epg.iptvx.one;m.tv.sms.cz;mujtvprogram.cz;tvguide.com;tvhebdo.com;tvpassport.com;tvtv.us,no,,
uhf:1724,1724,USA,USA-HBO-2,US:HBO2.us,HBO 2,US,ontvtonight.com;tvguide.com;tvpassport.com;tvtv.us,no,,https://cms123456.com/assets/uploads/files/3500e-brand.gif
uhf:1725,1725,USA,USA-HBO_FAMILY,US:HBOFamilyLatinAmerica.us,HBO Family Latin America,US,gatotv.com;mi.tv;nuevosiglo.com.uy;programacion.tcc.com.uy;reportv.com.ar;tvtv.us,no,,https://cms123456.com/assets/uploads/files/936ee-hbo_family.png
uhf:1726,1726,USA,USA-HBO_ZONE,US:HBOZone.us,HBO Zone,US,ontvtonight.com;tvguide.com;tvpassport.com;tvtv.us,no,,https://cms123456.com/assets/uploads/files/4fa98-hboz.png
uhf:1747,1747,USA,USA-HISTORY,US:History.us,History,US,tvguide.com;tvtv.us,no,,https://cms123456.com/assets/uploads/files/9a9ae-2def0-fr-recupere.png
uhf:1736,1736,USA,USA-Hallmark,US:HallmarkChannel.us,Hallmark Channel,US,tvguide.com;tvpassport.com;tvtv.us,no,,https://cms123456.com/assets/uploads/files/7e893-2def0-fr-recupere.png
uhf:1738,1738,USA,USA-Lifetime,US:Lifetime.us,Lifetime,US,tvguide.com;tvpassport.com;tvtv.us,no,,
uhf:1746,1746,USA,USA-MTV-Live,US:MTV.us,MTV,US,tvguide.com;tvpassport.com;tvtv.us,no,,https://cms123456.com/assets/uploads/files/78755-mtv_live_logo.png
uhf:1743,1743,USA,USA-NBA-TV,US:NBATV.us,NBA TV,US,dsmart.com.tr;epg.iptvx.one;m.tv.sms.cz;turksatkablo.com.tr;tvguide.com;tvhebdo.com;tvpassport.com;tvtv.us,yes,,https://cms123456.com/assets/uploads/files/623af-2def0-fr-recupere.png
uhf:1711,1711,USA,USA-NBC,US:NBC.us,NBC,US,tvguide.com;tvpassport.com;tvtv.us,no,,https://cms123456.com/assets/uploads/files/357b9-nbc-logo.jpg
uhf:1744,1744,USA,USA-NFL-NETWORK,US:NFLNetwork.us,NFL Network,US,epg.iptvx.one;gatotv.com;ontvtonight.com;tv.nu;tvguide.com;tvhebdo.com;tvpassport.com;tvtv.us,yes,,https://cms123456.com/assets/uploads/files/23482-nflnetwork_logo__120921162856.jpg
uhf:1745,1745,USA,USA-NHL-NETWORK,US:NHLNetwork.us,NHL Network,US,epg.iptvx.one;nhl.com;tvguide.com;tvpassport.com;tvtv.us,no,,https://cms123456.com/assets/uploads/files/8430e-2def0-fr-recupere.png
